-- phpMyAdmin SQL Dump
-- version 5.2.1
-- https://www.phpmyadmin.net/
--
-- Host: 127.0.0.1
-- Generation Time: Apr 02, 2025 at 03:30 PM
-- Server version: 10.4.32-MariaDB
-- PHP Version: 8.2.12

SET SQL_MODE = "NO_AUTO_VALUE_ON_ZERO";
START TRANSACTION;
SET time_zone = "+00:00";


/*!40101 SET @OLD_CHARACTER_SET_CLIENT=@@CHARACTER_SET_CLIENT */;
/*!40101 SET @OLD_CHARACTER_SET_RESULTS=@@CHARACTER_SET_RESULTS */;
/*!40101 SET @OLD_COLLATION_CONNECTION=@@COLLATION_CONNECTION */;
/*!40101 SET NAMES utf8mb4 */;

--
-- Database: `studentinfodb`
--

-- --------------------------------------------------------

--
-- Table structure for table `coursetb`
--

CREATE TABLE `coursetb` (
  `courseId` int(11) NOT NULL,
  `courseName` varchar(250) DEFAULT NULL
) ENGINE=InnoDB DEFAULT CHARSET=utf8mb4 COLLATE=utf8mb4_general_ci;

--
-- Dumping data for table `coursetb`
--

INSERT INTO `coursetb` (`courseId`, `courseName`) VALUES
(1, 'IT'),
(2, 'BSBA'),
(3, 'ABEL'),
(4, 'BPA');

-- --------------------------------------------------------

--
-- Table structure for table `studentrecordtb`
--

CREATE TABLE `studentrecordtb` (
  `studentId` int(11) NOT NULL,
  `firstName` varchar(250) DEFAULT NULL,
  `lastName` varchar(250) DEFAULT NULL,
  `middleName` varchar(250) DEFAULT NULL,
  `houseNo` int(11) DEFAULT NULL,
  `brgyName` varchar(250) DEFAULT NULL,
  `municipality` varchar(250) DEFAULT NULL,
  `province` varchar(250) DEFAULT NULL,
  `region` varchar(250) DEFAULT NULL,
  `country` varchar(250) DEFAULT NULL,
  `birthdate` varchar(250) DEFAULT NULL,
  `age` int(11) DEFAULT NULL,
  `studContactNo` varchar(250) DEFAULT NULL,
  `emailAddress` varchar(250) DEFAULT NULL,
  `guardianFirstName` varchar(250) DEFAULT NULL,
  `guardianLastName` varchar(250) DEFAULT NULL,
  `hobbies` varchar(250) DEFAULT NULL,
  `nickname` varchar(250) DEFAULT NULL,
  `courseId` int(11) DEFAULT NULL,
  `yearId` int(11) DEFAULT NULL
) ENGINE=InnoDB DEFAULT CHARSET=utf8mb4 COLLATE=utf8mb4_general_ci;

--
-- Dumping data for table `studentrecordtb`
--

INSERT INTO `studentrecordtb` (`studentId`, `firstName`, `lastName`, `middleName`, `houseNo`, `brgyName`, `municipality`, `province`, `region`, `country`, `birthdate`, `age`, `studContactNo`, `emailAddress`, `guardianFirstName`, `guardianLastName`, `hobbies`, `nickname`, `courseId`, `yearId`) VALUES
(1, 'Eya Nichole', 'Barcena', 'D.', 123, 'Brgy. Tambac', 'Bayambang', 'Pangasinan', 'Ilocos Region', 'Philippines', '2004-02-17', 21, '09123456789', 'eyanichole@email.com', 'Lorena', 'Barcena', 'Reading, Gaming, Watching', 'Eya', 1, 3),
(2, 'Jane', 'Smith', 'B.', 456, 'Brgy. Dos', 'Makati', 'Metro Manila', 'NCR', 'Philippines', '2004-08-22', 20, '09187654321', 'janesmith@email.com', 'Sarah', 'Smith', 'Painting, Swimming', 'Janie', 2, 2),
(3, 'Kevin', 'Lee', 'C.', 789, 'Brgy. Tres', 'Cebu City', 'Cebu', 'Region 7', 'Philippines', '2002-12-05', 22, '09998887766', 'marklee@email.com', 'David', 'Lee', 'Basketball, Coding', 'Kevs', 1, 4),
(4, 'Lisa', 'Garcia', 'D.', 321, 'Brgy. Quatro', 'Davao City', 'Davao del Sur', 'Region 11', 'Philippines', '2005-03-30', 19, '09112223344', 'lisagarcia@email.com', 'Maria', 'Garcia', 'Singing, Dancing', 'Lissy', 3, 1),
(5, 'Carlos', 'Reyes', 'E.', 654, 'Brgy. Cinco', 'Baguio City', 'Benguet', 'CAR', 'Philippines', '2003-07-18', 21, '09223334455', 'carlosreyes@email.com', 'Jose', 'Reyes', 'Hiking, Photography', 'Carl', 4, 3);

-- --------------------------------------------------------

--
-- Table structure for table `yeartb`
--

CREATE TABLE `yeartb` (
  `yearId` int(11) NOT NULL,
  `yearLvl` int(11) DEFAULT NULL
) ENGINE=InnoDB DEFAULT CHARSET=utf8mb4 COLLATE=utf8mb4_general_ci;

--
-- Dumping data for table `yeartb`
--

INSERT INTO `yeartb` (`yearId`, `yearLvl`) VALUES
(1, 1),
(2, 2),
(3, 3),
(4, 4);

--
-- Indexes for dumped tables
--

--
-- Indexes for table `coursetb`
--
ALTER TABLE `coursetb`
  ADD PRIMARY KEY (`courseId`);

--
-- Indexes for table `studentrecordtb`
--
ALTER TABLE `studentrecordtb`
  ADD PRIMARY KEY (`studentId`),
  ADD KEY `courseId` (`courseId`),
  ADD KEY `yearId` (`yearId`);

--
-- Indexes for table `yeartb`
--
ALTER TABLE `yeartb`
  ADD PRIMARY KEY (`yearId`);

--
-- Constraints for dumped tables
--

--
-- Constraints for table `studentrecordtb`
--
ALTER TABLE `studentrecordtb`
  ADD CONSTRAINT `studentrecordtb_ibfk_1` FOREIGN KEY (`courseId`) REFERENCES `coursetb` (`courseId`),
  ADD CONSTRAINT `studentrecordtb_ibfk_2` FOREIGN KEY (`yearId`) REFERENCES `yeartb` (`yearId`);
COMMIT;

/*!40101 SET CHARACTER_SET_CLIENT=@OLD_CHARACTER_SET_CLIENT */;
/*!40101 SET CHARACTER_SET_RESULTS=@OLD_CHARACTER_SET_RESULTS */;
/*!40101 SET COLLATION_CONNECTION=@OLD_COLLATION_CONNECTION */;
